model,threshold,n_flagged,n_clean,full_mAP50,clean_mAP50,delta,flagged_only_mAP50
yolov8m,0,2,387,0.3337007197110485,0.3336469444476662,-5.37752633822941e-05,0.9158415841584159
yolov8m,2,20,369,0.3337007197110485,0.3307034066336985,-0.0029973130773499612,0.977689206900137
yolov8m,5,45,344,0.3337007197110485,0.3272698355384904,-0.0064308841725581045,0.9736889003104945
yolov8m,8,108,281,0.3337007197110485,0.32780448354446845,-0.005896236166580027,0.8536171911633237
yolov8m,10,148,241,0.3337007197110485,0.3221728635949138,-0.01152785611613466,0.8564613137269038
frcnn,0,2,387,0.46687239756331556,0.46685303383958987,-1.9363723725684956e-05,1.0
frcnn,2,20,369,0.46687239756331556,0.4653821862051125,-0.0014902113582030418,0.9516610881444748
frcnn,5,45,344,0.46687239756331556,0.46181772075513383,-0.005054676808181724,0.9474761448152537
frcnn,8,108,281,0.46687239756331556,0.4604620009051412,-0.006410396658174333,0.8555897472364606
frcnn,10,148,241,0.46687239756331556,0.45169105776246876,-0.015181339800846794,0.8635502812294247
avn15,0,2,387,0.3143959789315494,0.31400280587782786,-0.00039317305372155165,1.0
avn15,2,20,369,0.3143959789315494,0.3108754597307184,-0.003520519200831018,0.8607954786482523
avn15,5,45,344,0.3143959789315494,0.30639125418663643,-0.008004724744912983,0.8547481222891358
avn15,8,108,281,0.3143959789315494,0.3088296324035051,-0.00556634652804433,0.6808357982165937
avn15,10,148,241,0.3143959789315494,0.30150452301241226,-0.012891455919137151,0.6913351550756642
dino_plain,0,2,387,0.6396673925750014,0.6395361867189968,-0.00013120585600456813,1.0
dino_plain,2,20,369,0.6396673925750014,0.6380690750560485,-0.0015983175189528964,0.9919499831445944
dino_plain,5,45,344,0.6396673925750014,0.6365299374343538,-0.0031374551406475604,0.9901025377057334
dino_plain,8,108,281,0.6396673925750014,0.6375910316974581,-0.0020763608775432596,0.9178702966312221
dino_plain,10,148,241,0.6396673925750014,0.6343498244758801,-0.005317568099121317,0.9250931871883583
dino_tta,0,2,387,0.6877738122272792,0.687755702663282,-1.8109563997170675e-05,1.0
dino_tta,2,20,369,0.6877738122272792,0.6864226031476213,-0.0013512090796579113,0.9917771818761917
dino_tta,5,45,344,0.6877738122272792,0.6839598907496113,-0.003813921477667903,0.9949437368507636
dino_tta,8,108,281,0.6877738122272792,0.6863136963019923,-0.0014601159252868312,0.9199216165672716
dino_tta,10,148,241,0.6877738122272792,0.6845157431746868,-0.003258069052592405,0.9247657044383083
